Designator,Val,Package,Mid X,Mid Y,Rotation,Layer
"C1,""100nF"",""C_0603_1608Metric_Pad1.05x0.95mm_HandSolder"",169.925000,-80.250000,180.000000,top"
"C2,""100nF"",""C_0603_1608Metric_Pad1.05x0.95mm_HandSolder"",152.705000,-101.340000,0.000000,top"
"C3,""47nF"",""C_0603_1608Metric_Pad1.05x0.95mm_HandSolder"",131.120000,-92.900000,90.000000,top"
"C4,""100pF"",""C_0603_1608Metric_Pad1.05x0.95mm_HandSolder"",122.540000,-107.890000,90.000000,top"
"C5,""100pF"",""C_0603_1608Metric_Pad1.05x0.95mm_HandSolder"",125.900000,-92.910000,270.000000,top"
"C6,""100pF"",""C_0603_1608Metric_Pad1.05x0.95mm_HandSolder"",163.340000,-90.830000,270.000000,top"
"C7,""100pF"",""C_0603_1608Metric_Pad1.05x0.95mm_HandSolder"",159.670000,-103.700000,90.000000,top"
"C8,""47nF"",""C_0603_1608Metric_Pad1.05x0.95mm_HandSolder"",156.280000,-103.700000,270.000000,top"
"C9,""100nF"",""C_0603_1608Metric_Pad1.05x0.95mm_HandSolder"",132.160000,-97.510000,180.000000,top"
"JP1,""Jumper_3_Bridged12"",""0603-JUMPER-3-BRIDGED12"",157.050000,-80.250000,0.000000,top"
"JP2,""Jumper_3_Bridged12"",""0603-JUMPER-3-BRIDGED12"",157.050000,-82.250000,0.000000,top"
"JP3,""Jumper_3_Bridged12"",""0603-JUMPER-3-BRIDGED12"",157.050000,-84.250000,0.000000,top"
"R1,""10k"",""R_0603_1608Metric_Pad1.05x0.95mm_HandSolder"",169.925000,-83.250000,0.000000,top"
"R2,""120Ohm"",""R_0603_1608Metric_Pad1.05x0.95mm_HandSolder"",125.890000,-106.100000,90.000000,top"
"R3,""120Ohm"",""R_0603_1608Metric_Pad1.05x0.95mm_HandSolder"",159.770000,-92.730000,270.000000,top"
"U1,""M24C02-FMN6TP"",""SOIC-8_3.9x4.9mm_P1.27mm"",164.050000,-82.250000,0.000000,top"
"U2,""TJA1042T-3"",""SOIC-8_3.9x4.9mm_P1.27mm"",134.030000,-101.720000,180.000000,top"
"U3,""TJA1042T-3"",""SOIC-8_3.9x4.9mm_P1.27mm"",150.850000,-96.500000,0.000000,top"
